Date Sold,Product Name,Product Category,Cost per Unit,Sale Price per Unit,Units Sold,Total Cost,Total Revenue
2025-07-19,Bananas,Produce,2.75,2.92,11,30.25,32.12
2025-07-09,Ground Beef,Meat,2.74,3.82,19,52.06,72.58
2025-07-26,Bananas,Produce,2.45,2.44,4,9.8,9.76
2025-07-12,Bread,Bakery,2.7,2.44,2,5.4,4.88
2025-07-01,Bananas,Produce,2.62,3.07,2,5.24,6.14
2025-07-11,Chicken Breast,Meat,2.27,2.72,12,27.24,32.64
2025-07-14,Cereal,Grocery,2.51,2.74,10,25.1,27.4
2025-07-08,Bread,Bakery,2.37,2.9,19,45.03,55.1
2025-07-30,Yogurt,Dairy,2.57,2.98,3,7.71,8.94
2025-07-04,Orange Juice,Beverages,2.71,3.5,9,24.39,31.5
2025-07-19,Bananas,Produce,2.2,2.82,20,44.0,56.4
2025-07-16,Ground Beef,Meat,2.89,2.34,12,34.68,28.08
2025-07-03,Bread,Bakery,2.23,3.0,14,31.22,42.0
2025-07-29,Milk,Dairy,1.9,2.75,4,7.6,11.0
2025-07-06,Apples,Produce,2.6,1.82,10,26.0,18.2
2025-07-01,Apples,Produce,2.27,3.04,18,40.86,54.72
2025-07-09,Milk,Dairy,2.61,3.53,16,41.76,56.48
2025-07-08,Eggs,Dairy,2.87,1.9,8,22.96,15.2
2025-07-01,Milk,Dairy,2.74,3.4,15,41.1,51.0
2025-07-09,Apples,Produce,2.27,3.63,13,29.51,47.19
2025-07-30,Yogurt,Dairy,2.66,2.77,1,2.66,2.77
2025-07-30,Cereal,Grocery,2.48,2.83,1,2.48,2.83
2025-07-23,Bananas,Produce,2.79,3.53,3,8.37,10.59
2025-07-13,Bread,Bakery,2.74,3.78,10,27.4,37.8
2025-07-13,Milk,Dairy,2.08,2.81,7,14.56,19.67
2025-07-21,Ground Beef,Meat,2.42,3.7,1,2.42,3.7
2025-07-16,Bread,Bakery,2.41,2.75,5,12.05,13.75
2025-07-29,Bananas,Produce,2.91,3.81,3,8.73,11.43
2025-07-29,Orange Juice,Beverages,1.98,2.95,14,27.72,41.3
2025-07-19,Eggs,Dairy,2.73,3.44,14,38.22,48.16
2025-07-27,Ground Beef,Meat,4.19,2.45,15,62.85,36.75
2025-07-08,Cereal,Grocery,2.42,2.42,19,45.98,45.98
2025-07-16,Orange Juice,Beverages,2.54,2.82,20,50.8,56.4
2025-07-24,Milk,Dairy,3.4,3.35,5,17.0,16.75
2025-07-13,Yogurt,Dairy,2.23,2.1,11,24.53,23.1
2025-07-15,Chicken Breast,Meat,3.31,3.49,2,6.62,6.98
2025-07-18,Chicken Breast,Meat,1.77,3.54,6,10.62,21.24
2025-07-06,Yogurt,Dairy,1.76,2.86,20,35.2,57.2
2025-07-03,Ground Beef,Meat,2.55,3.58,7,17.85,25.06
2025-07-14,Apples,Produce,2.37,3.28,20,47.4,65.6
2025-07-15,Apples,Produce,1.83,2.39,6,10.98,14.34
2025-07-30,Cereal,Grocery,1.17,3.21,5,5.85,16.05
2025-07-16,Milk,Dairy,1.95,3.55,15,29.25,53.25
2025-07-05,Chicken Breast,Meat,2.26,2.66,9,20.34,23.94
2025-07-27,Bananas,Produce,2.17,2.91,20,43.4,58.2
2025-07-13,Ground Beef,Meat,2.91,2.37,3,8.73,7.11
2025-07-20,Yogurt,Dairy,1.96,2.4,17,33.32,40.8
2025-07-18,Apples,Produce,2.28,2.95,1,2.28,2.95
2025-07-12,Ground Beef,Meat,3.22,3.64,12,38.64,43.68
2025-07-29,Ground Beef,Meat,3.48,1.84,4,13.92,7.36
2025-07-26,Ground Beef,Meat,2.39,2.59,17,40.63,44.03
2025-07-27,Milk,Dairy,2.1,3.83,20,42.0,76.6
2025-07-14,Orange Juice,Beverages,2.48,3.13,16,39.68,50.08
2025-07-22,Ground Beef,Meat,2.28,3.23,6,13.68,19.38
2025-07-11,Ground Beef,Meat,2.89,3.26,4,11.56,13.04
2025-07-14,Bread,Bakery,2.5,2.78,19,47.5,52.82
2025-07-15,Apples,Produce,2.14,2.84,9,19.26,25.56
2025-07-27,Cereal,Grocery,2.04,3.93,18,36.72,70.74
2025-07-13,Cereal,Grocery,2.74,3.56,18,49.32,64.08
2025-07-07,Apples,Produce,2.91,2.26,16,46.56,36.16
2025-07-19,Chicken Breast,Meat,3.18,4.52,2,6.36,9.04
2025-07-13,Chicken Breast,Meat,3.0,3.09,9,27.0,27.81
2025-07-12,Chicken Breast,Meat,2.98,2.36,16,47.68,37.76
2025-07-10,Milk,Dairy,2.81,3.73,11,30.91,41.03
2025-07-18,Chicken Breast,Meat,2.93,4.07,16,46.88,65.12
2025-07-24,Apples,Produce,2.65,2.57,18,47.7,46.26
2025-07-11,Yogurt,Dairy,2.59,2.27,3,7.77,6.81
2025-07-04,Cereal,Grocery,1.9,3.39,1,1.9,3.39
2025-07-17,Chicken Breast,Meat,2.5,2.77,16,40.0,44.32
2025-07-29,Bananas,Produce,2.88,3.76,7,20.16,26.32
2025-07-29,Orange Juice,Beverages,2.02,3.66,16,32.32,58.56
2025-07-25,Milk,Dairy,2.38,2.55,14,33.32,35.7
2025-07-05,Bananas,Produce,2.66,3.04,19,50.54,57.76
2025-07-18,Bananas,Produce,2.64,3.5,2,5.28,7.0
2025-07-26,Orange Juice,Beverages,3.15,2.19,15,47.25,32.85
2025-07-07,Yogurt,Dairy,1.8,2.98,16,28.8,47.68
2025-07-15,Chicken Breast,Meat,1.96,3.29,14,27.44,46.06
2025-07-15,Eggs,Dairy,2.39,3.43,9,21.51,30.87
2025-07-10,Eggs,Dairy,2.44,3.2,14,34.16,44.8
2025-07-02,Ground Beef,Meat,2.27,3.47,1,2.27,3.47
2025-07-12,Eggs,Dairy,2.04,2.69,10,20.4,26.9
2025-07-06,Chicken Breast,Meat,2.59,3.23,8,20.72,25.84
2025-07-03,Bread,Bakery,1.93,3.83,10,19.3,38.3
2025-07-21,Apples,Produce,2.68,3.34,1,2.68,3.34
2025-07-07,Apples,Produce,2.71,2.56,7,18.97,17.92
2025-07-25,Chicken Breast,Meat,2.95,2.64,3,8.85,7.92
2025-07-21,Bread,Bakery,2.83,2.14,7,19.81,14.98
2025-07-22,Milk,Dairy,3.22,3.0,1,3.22,3.0
2025-07-07,Yogurt,Dairy,2.42,2.59,14,33.88,36.26
2025-07-21,Bread,Bakery,2.34,3.46,2,4.68,6.92
2025-07-23,Orange Juice,Beverages,2.58,2.49,19,49.02,47.31
2025-07-25,Orange Juice,Beverages,3.66,1.88,17,62.22,31.96
2025-07-21,Apples,Produce,2.05,2.8,1,2.05,2.8
2025-07-05,Bread,Bakery,2.23,3.47,12,26.76,41.64
2025-07-24,Orange Juice,Beverages,2.13,3.13,13,27.69,40.69
2025-07-09,Ground Beef,Meat,2.31,2.23,3,6.93,6.69
2025-07-06,Eggs,Dairy,3.18,3.5,13,41.34,45.5
2025-07-14,Cereal,Grocery,2.45,2.71,19,46.55,51.49
2025-07-20,Eggs,Dairy,2.1,2.93,5,10.5,14.65
2025-07-12,Bananas,Produce,3.39,2.59,1,3.39,2.59
2025-07-15,Bananas,Produce,2.33,2.81,2,4.66,5.62
2025-07-10,Yogurt,Dairy,2.34,2.88,8,18.72,23.04
2025-07-21,Cereal,Grocery,2.59,3.35,7,18.13,23.45
2025-07-03,Cereal,Grocery,2.11,4.15,3,6.33,12.45
2025-07-25,Eggs,Dairy,2.13,2.23,5,10.65,11.15
2025-07-08,Apples,Produce,2.33,2.51,5,11.65,12.55
2025-07-17,Yogurt,Dairy,2.36,2.64,20,47.2,52.8
2025-07-02,Bread,Bakery,2.85,3.36,4,11.4,13.44
2025-07-28,Bread,Bakery,2.37,2.25,10,23.7,22.5
2025-07-08,Bananas,Produce,2.5,3.45,5,12.5,17.25
2025-07-11,Ground Beef,Meat,2.99,3.93,16,47.84,62.88
2025-07-25,Eggs,Dairy,2.4,3.04,20,48.0,60.8
2025-07-13,Ground Beef,Meat,1.55,3.77,1,1.55,3.77
2025-07-20,Eggs,Dairy,3.57,1.83,5,17.85,9.15
2025-07-02,Eggs,Dairy,3.07,3.27,8,24.56,26.16
2025-07-11,Milk,Dairy,2.26,3.12,8,18.08,24.96
2025-07-28,Apples,Produce,3.28,2.41,2,6.56,4.82
2025-07-02,Milk,Dairy,2.49,1.97,18,44.82,35.46
2025-07-26,Bread,Bakery,2.95,3.18,4,11.8,12.72
2025-07-03,Chicken Breast,Meat,2.72,2.95,4,10.88,11.8
2025-07-16,Bananas,Produce,2.78,2.57,3,8.34,7.71
2025-07-10,Yogurt,Dairy,2.49,3.07,18,44.82,55.26
2025-07-10,Eggs,Dairy,2.75,2.08,5,13.75,10.4
2025-07-01,Apples,Produce,2.88,2.33,3,8.64,6.99
2025-07-01,Cereal,Grocery,3.15,3.01,13,40.95,39.13
2025-07-12,Milk,Dairy,2.38,3.51,12,28.56,42.12
2025-07-18,Bananas,Produce,2.7,2.93,20,54.0,58.6
2025-07-15,Yogurt,Dairy,3.46,3.64,5,17.3,18.2
2025-07-18,Yogurt,Dairy,2.0,2.27,4,8.0,9.08
2025-07-03,Chicken Breast,Meat,3.41,3.24,15,51.15,48.6
2025-07-12,Bananas,Produce,2.71,2.66,12,32.52,31.92
2025-07-04,Ground Beef,Meat,2.53,3.04,14,35.42,42.56
2025-07-12,Bananas,Produce,2.28,3.12,18,41.04,56.16
2025-07-29,Eggs,Dairy,1.71,3.05,8,13.68,24.4
2025-07-17,Orange Juice,Beverages,1.78,2.16,20,35.6,43.2
2025-07-30,Bread,Bakery,2.64,2.89,13,34.32,37.57
2025-07-29,Orange Juice,Beverages,2.17,3.82,19,41.23,72.58
2025-07-19,Eggs,Dairy,2.66,3.89,10,26.6,38.9
2025-07-06,Eggs,Dairy,2.35,3.0,20,47.0,60.0
2025-07-10,Yogurt,Dairy,3.14,3.46,13,40.82,44.98
2025-07-07,Bread,Bakery,2.23,2.15,17,37.91,36.55
2025-07-21,Ground Beef,Meat,2.53,2.49,6,15.18,14.94
2025-07-05,Eggs,Dairy,1.55,3.36,16,24.8,53.76
2025-07-14,Bread,Bakery,2.61,3.01,5,13.05,15.05
2025-07-03,Eggs,Dairy,2.92,2.36,18,52.56,42.48
2025-07-05,Bread,Bakery,2.26,2.67,15,33.9,40.05
2025-07-12,Eggs,Dairy,3.58,2.54,3,10.74,7.62
2025-07-06,Chicken Breast,Meat,2.44,3.59,8,19.52,28.72
2025-07-05,Bananas,Produce,2.73,2.38,8,21.84,19.04
2025-07-09,Orange Juice,Beverages,3.02,1.91,5,15.1,9.55
2025-07-03,Orange Juice,Beverages,2.67,4.13,1,2.67,4.13
2025-07-12,Cereal,Grocery,3.36,2.1,16,53.76,33.6
2025-07-10,Chicken Breast,Meat,2.87,3.89,2,5.74,7.78
2025-07-05,Eggs,Dairy,1.88,3.11,1,1.88,3.11
2025-07-30,Bananas,Produce,2.45,3.92,15,36.75,58.8
2025-07-10,Orange Juice,Beverages,2.65,2.34,17,45.05,39.78
2025-07-30,Bananas,Produce,2.44,3.74,3,7.32,11.22
2025-07-14,Orange Juice,Beverages,2.61,2.71,5,13.05,13.55
2025-07-20,Bananas,Produce,3.26,3.19,5,16.3,15.95
2025-07-28,Milk,Dairy,2.18,3.81,14,30.52,53.34
2025-07-06,Apples,Produce,2.17,2.53,13,28.21,32.89
2025-07-27,Eggs,Dairy,1.82,3.32,17,30.94,56.44
2025-07-17,Bread,Bakery,0.76,2.84,3,2.28,8.52
2025-07-19,Bananas,Produce,3.09,3.04,12,37.08,36.48
2025-07-02,Bread,Bakery,3.01,3.1,17,51.17,52.7
2025-07-08,Yogurt,Dairy,2.82,3.82,2,5.64,7.64
2025-07-22,Bananas,Produce,2.6,3.03,18,46.8,54.54
2025-07-26,Cereal,Grocery,1.63,3.87,19,30.97,73.53
2025-07-17,Milk,Dairy,2.37,3.43,6,14.22,20.58
2025-07-01,Bread,Bakery,2.93,2.94,10,29.3,29.4
2025-07-16,Milk,Dairy,1.65,2.97,5,8.25,14.85
2025-07-27,Bananas,Produce,2.5,3.24,13,32.5,42.12
2025-07-11,Bananas,Produce,2.69,2.18,11,29.59,23.98
2025-07-26,Orange Juice,Beverages,2.68,2.44,8,21.44,19.52
2025-07-15,Orange Juice,Beverages,2.12,4.0,3,6.36,12.0
2025-07-22,Milk,Dairy,2.73,3.01,19,51.87,57.19
2025-07-06,Apples,Produce,2.09,2.66,6,12.54,15.96
2025-07-22,Orange Juice,Beverages,2.45,2.38,14,34.3,33.32
2025-07-04,Ground Beef,Meat,2.53,1.63,13,32.89,21.19
2025-07-10,Eggs,Dairy,2.19,2.84,15,32.85,42.6
2025-07-08,Bread,Bakery,2.15,3.13,11,23.65,34.43
2025-07-25,Ground Beef,Meat,2.93,2.63,17,49.81,44.71
2025-07-17,Eggs,Dairy,2.59,3.02,15,38.85,45.3
2025-07-07,Cereal,Grocery,2.36,1.62,14,33.04,22.68
2025-07-28,Milk,Dairy,3.32,2.85,14,46.48,39.9
2025-07-30,Chicken Breast,Meat,2.93,3.28,11,32.23,36.08
2025-07-22,Eggs,Dairy,2.01,3.05,6,12.06,18.3
2025-07-13,Eggs,Dairy,1.7,3.12,5,8.5,15.6
2025-07-11,Eggs,Dairy,2.63,2.23,17,44.71,37.91
2025-07-30,Chicken Breast,Meat,2.18,2.35,12,26.16,28.2
2025-07-10,Bread,Bakery,2.15,2.28,4,8.6,9.12
2025-07-21,Cereal,Grocery,3.17,2.22,18,57.06,39.96
2025-07-30,Apples,Produce,2.54,2.48,2,5.08,4.96
2025-07-15,Cereal,Grocery,3.54,3.83,12,42.48,45.96
2025-07-23,Milk,Dairy,2.31,2.6,6,13.86,15.6
2025-07-09,Bananas,Produce,2.61,3.5,13,33.93,45.5
2025-07-19,Yogurt,Dairy,2.75,2.88,6,16.5,17.28
2025-07-23,Apples,Produce,2.4,1.63,11,26.4,17.93
2025-07-18,Bread,Bakery,2.59,3.54,11,28.49,38.94
2025-07-02,Cereal,Grocery,2.62,3.16,17,44.54,53.72
2025-07-05,Cereal,Grocery,3.4,2.96,2,6.8,5.92
2025-07-22,Chicken Breast,Meat,3.52,3.97,19,66.88,75.43
2025-07-13,Milk,Dairy,2.28,3.3,4,9.12,13.2
2025-07-28,Milk,Dairy,2.64,1.36,17,44.88,23.12
2025-07-16,Cereal,Grocery,3.42,3.16,14,47.88,44.24
2025-07-05,Cereal,Grocery,2.82,2.0,11,31.02,22.0
2025-07-03,Milk,Dairy,2.4,3.29,3,7.2,9.87
2025-07-30,Ground Beef,Meat,2.43,2.76,10,24.3,27.6
2025-07-01,Bread,Bakery,3.5,4.19,2,7.0,8.38
2025-07-07,Bread,Bakery,3.0,2.65,1,3.0,2.65
2025-07-09,Bread,Bakery,2.46,2.39,6,14.76,14.34
2025-07-23,Cereal,Grocery,1.61,2.38,17,27.37,40.46
2025-07-26,Orange Juice,Beverages,2.73,3.39,18,49.14,61.02
2025-07-01,Orange Juice,Beverages,2.69,2.64,9,24.21,23.76
2025-07-28,Eggs,Dairy,2.25,2.25,1,2.25,2.25
2025-07-10,Chicken Breast,Meat,2.74,3.95,8,21.92,31.6
2025-07-10,Cereal,Grocery,2.77,3.42,3,8.31,10.26
2025-07-13,Apples,Produce,2.7,2.75,14,37.8,38.5
2025-07-24,Bread,Bakery,1.4,3.22,13,18.2,41.86
2025-07-01,Chicken Breast,Meat,3.35,3.49,8,26.8,27.92
2025-07-28,Yogurt,Dairy,1.48,2.4,19,28.12,45.6
2025-07-25,Bananas,Produce,2.85,4.33,15,42.75,64.95
2025-07-30,Eggs,Dairy,1.57,3.6,15,23.55,54.0
2025-07-27,Cereal,Grocery,2.91,1.67,8,23.28,13.36
2025-07-10,Eggs,Dairy,2.62,2.08,6,15.72,12.48
2025-07-26,Yogurt,Dairy,2.58,3.34,8,20.64,26.72
2025-07-03,Bananas,Produce,2.06,3.31,15,30.9,49.65
2025-07-17,Milk,Dairy,2.82,4.36,7,19.74,30.52
2025-07-21,Eggs,Dairy,2.91,3.61,1,2.91,3.61
2025-07-19,Ground Beef,Meat,2.54,2.71,10,25.4,27.1
2025-07-29,Eggs,Dairy,3.32,2.98,6,19.92,17.88
2025-07-19,Bread,Bakery,1.38,3.41,13,17.94,44.33
2025-07-30,Bread,Bakery,2.37,2.41,8,18.96,19.28
2025-07-18,Bananas,Produce,2.29,2.67,12,27.48,32.04
2025-07-24,Bread,Bakery,3.17,4.2,11,34.87,46.2
2025-07-17,Orange Juice,Beverages,3.09,3.21,10,30.9,32.1
2025-07-03,Eggs,Dairy,1.91,2.59,15,28.65,38.85
2025-07-21,Ground Beef,Meat,2.91,2.1,13,37.83,27.3
2025-07-04,Ground Beef,Meat,2.93,2.44,11,32.23,26.84
2025-07-03,Yogurt,Dairy,2.55,3.44,4,10.2,13.76
2025-07-10,Bananas,Produce,3.1,3.4,9,27.9,30.6
2025-07-14,Chicken Breast,Meat,3.3,2.69,8,26.4,21.52
2025-07-01,Apples,Produce,2.34,2.72,14,32.76,38.08
2025-07-10,Apples,Produce,2.71,2.77,1,2.71,2.77
2025-07-04,Milk,Dairy,2.53,3.66,8,20.24,29.28
2025-07-15,Milk,Dairy,1.71,3.85,9,15.39,34.65
2025-07-07,Ground Beef,Meat,2.81,2.62,9,25.29,23.58
2025-07-06,Eggs,Dairy,2.39,2.43,11,26.29,26.73
2025-07-30,Apples,Produce,2.47,3.48,2,4.94,6.96
2025-07-26,Cereal,Grocery,2.58,3.47,12,30.96,41.64
2025-07-23,Milk,Dairy,2.4,3.19,7,16.8,22.33
2025-07-23,Yogurt,Dairy,3.02,2.58,11,33.22,28.38
2025-07-10,Orange Juice,Beverages,1.99,3.31,20,39.8,66.2
2025-07-26,Yogurt,Dairy,3.64,2.02,8,29.12,16.16
2025-07-12,Cereal,Grocery,3.79,3.04,13,49.27,39.52
2025-07-04,Chicken Breast,Meat,1.82,1.85,19,34.58,35.15
2025-07-02,Cereal,Grocery,2.28,1.73,17,38.76,29.41
2025-07-04,Chicken Breast,Meat,2.48,2.67,8,19.84,21.36
2025-07-28,Cereal,Grocery,1.67,3.42,19,31.73,64.98
2025-07-02,Bananas,Produce,3.19,1.4,17,54.23,23.8
2025-07-07,Bananas,Produce,3.12,1.76,4,12.48,7.04
2025-07-15,Orange Juice,Beverages,2.64,2.85,7,18.48,19.95
2025-07-03,Apples,Produce,2.09,3.55,19,39.71,67.45
2025-07-05,Apples,Produce,1.94,4.05,18,34.92,72.9
2025-07-09,Ground Beef,Meat,2.37,3.61,3,7.11,10.83
2025-07-18,Ground Beef,Meat,2.86,2.32,8,22.88,18.56
2025-07-18,Ground Beef,Meat,2.55,2.92,3,7.65,8.76
2025-07-16,Chicken Breast,Meat,2.57,3.59,8,20.56,28.72
2025-07-02,Bananas,Produce,2.38,2.78,14,33.32,38.92
2025-07-17,Eggs,Dairy,3.12,3.25,16,49.92,52.0
2025-07-21,Ground Beef,Meat,3.32,2.4,14,46.48,33.6
2025-07-21,Bread,Bakery,2.8,2.81,7,19.6,19.67
2025-07-15,Bananas,Produce,3.18,3.46,19,60.42,65.74
2025-07-30,Orange Juice,Beverages,3.18,3.57,1,3.18,3.57
2025-07-17,Ground Beef,Meat,2.24,3.63,10,22.4,36.3
2025-07-18,Cereal,Grocery,2.27,3.65,12,27.24,43.8
2025-07-05,Chicken Breast,Meat,2.26,3.61,9,20.34,32.49
2025-07-05,Orange Juice,Beverages,1.62,2.67,20,32.4,53.4
2025-07-02,Bananas,Produce,2.58,2.41,14,36.12,33.74
2025-07-29,Milk,Dairy,1.83,2.93,18,32.94,52.74
2025-07-16,Bread,Bakery,3.58,3.4,7,25.06,23.8
2025-07-12,Eggs,Dairy,2.81,2.28,14,39.34,31.92
2025-07-08,Apples,Produce,2.51,3.21,13,32.63,41.73
2025-07-02,Bananas,Produce,3.05,3.69,6,18.3,22.14
2025-07-01,Ground Beef,Meat,1.69,3.33,17,28.73,56.61
2025-07-01,Milk,Dairy,2.47,1.45,12,29.64,17.4
2025-07-22,Cereal,Grocery,2.63,3.59,12,31.56,43.08
2025-07-26,Bananas,Produce,2.45,4.38,10,24.5,43.8
2025-07-30,Milk,Dairy,2.42,3.48,14,33.88,48.72
2025-07-30,Chicken Breast,Meat,2.33,3.12,4,9.32,12.48
2025-07-08,Orange Juice,Beverages,2.39,3.72,4,9.56,14.88
2025-07-19,Orange Juice,Beverages,2.01,3.63,3,6.03,10.89
2025-07-03,Bread,Bakery,2.44,3.33,5,12.2,16.65
2025-07-23,Milk,Dairy,1.62,2.93,15,24.3,43.95
2025-07-19,Apples,Produce,2.8,2.09,11,30.8,22.99
2025-07-27,Milk,Dairy,2.69,2.37,2,5.38,4.74
2025-07-11,Orange Juice,Beverages,2.48,4.06,11,27.28,44.66
2025-07-07,Orange Juice,Beverages,2.03,4.38,3,6.09,13.14
2025-07-28,Eggs,Dairy,2.75,3.32,12,33.0,39.84
2025-07-21,Cereal,Grocery,2.35,2.6,17,39.95,44.2
2025-07-23,Bread,Bakery,1.84,2.86,16,29.44,45.76
2025-07-26,Milk,Dairy,2.69,3.37,17,45.73,57.29
2025-07-24,Apples,Produce,3.14,3.64,6,18.84,21.84
2025-07-23,Cereal,Grocery,3.18,3.62,9,28.62,32.58
2025-07-21,Ground Beef,Meat,2.71,3.12,7,18.97,21.84
2025-07-04,Cereal,Grocery,2.72,2.87,18,48.96,51.66
2025-07-20,Orange Juice,Beverages,3.18,2.78,20,63.6,55.6
2025-07-18,Chicken Breast,Meat,2.27,3.53,10,22.7,35.3
2025-07-07,Ground Beef,Meat,3.17,3.78,3,9.51,11.34
2025-07-21,Eggs,Dairy,2.07,4.65,3,6.21,13.95
2025-07-28,Chicken Breast,Meat,1.98,3.77,12,23.76,45.24
2025-07-16,Yogurt,Dairy,3.17,3.19,4,12.68,12.76
2025-07-21,Ground Beef,Meat,2.17,3.63,18,39.06,65.34
2025-07-17,Orange Juice,Beverages,1.18,3.44,12,14.16,41.28
2025-07-11,Eggs,Dairy,2.54,3.64,3,7.62,10.92
2025-07-28,Orange Juice,Beverages,2.49,2.67,16,39.84,42.72
2025-07-22,Bread,Bakery,2.28,3.87,7,15.96,27.09
2025-07-30,Ground Beef,Meat,3.37,3.1,17,57.29,52.7
2025-07-20,Apples,Produce,2.35,2.52,18,42.3,45.36
2025-07-10,Yogurt,Dairy,2.0,2.54,16,32.0,40.64
2025-07-29,Cereal,Grocery,1.53,2.28,4,6.12,9.12
2025-07-12,Bread,Bakery,2.99,2.87,14,41.86,40.18
2025-07-22,Ground Beef,Meat,2.92,3.12,2,5.84,6.24
2025-07-13,Ground Beef,Meat,3.08,3.97,13,40.04,51.61
2025-07-25,Apples,Produce,2.29,2.94,3,6.87,8.82
2025-07-06,Orange Juice,Beverages,2.73,3.3,15,40.95,49.5
2025-07-12,Chicken Breast,Meat,2.55,2.1,20,51.0,42.0
2025-07-23,Chicken Breast,Meat,3.21,2.66,17,54.57,45.22
2025-07-12,Cereal,Grocery,2.67,2.77,6,16.02,16.62
2025-07-05,Eggs,Dairy,3.19,3.41,9,28.71,30.69
2025-07-03,Yogurt,Dairy,1.38,2.47,9,12.42,22.23
2025-07-17,Chicken Breast,Meat,2.47,2.89,5,12.35,14.45
2025-07-12,Orange Juice,Beverages,2.05,3.58,15,30.75,53.7
2025-07-08,Apples,Produce,2.52,2.62,5,12.6,13.1
2025-07-07,Milk,Dairy,2.85,2.36,5,14.25,11.8
2025-07-12,Yogurt,Dairy,2.52,3.62,19,47.88,68.78
2025-07-05,Milk,Dairy,2.26,3.63,2,4.52,7.26
2025-07-09,Apples,Produce,3.05,3.08,1,3.05,3.08
2025-07-16,Yogurt,Dairy,2.62,3.18,8,20.96,25.44
2025-07-03,Bread,Bakery,2.18,2.72,16,34.88,43.52
2025-07-08,Bananas,Produce,2.91,3.3,10,29.1,33.0
2025-07-28,Bananas,Produce,2.66,2.62,7,18.62,18.34
2025-07-03,Bread,Bakery,3.02,2.94,10,30.2,29.4
2025-07-16,Yogurt,Dairy,2.31,2.5,7,16.17,17.5
2025-07-23,Cereal,Grocery,2.68,2.76,14,37.52,38.64
2025-07-01,Apples,Produce,2.09,3.52,2,4.18,7.04
2025-07-04,Orange Juice,Beverages,2.91,2.11,17,49.47,35.87
2025-07-13,Chicken Breast,Meat,2.0,3.09,2,4.0,6.18
2025-07-01,Eggs,Dairy,2.82,4.3,3,8.46,12.9
2025-07-06,Orange Juice,Beverages,2.3,2.6,7,16.1,18.2
2025-07-24,Bananas,Produce,2.77,3.03,15,41.55,45.45
2025-07-28,Chicken Breast,Meat,2.59,3.25,18,46.62,58.5
2025-07-09,Chicken Breast,Meat,2.88,3.59,1,2.88,3.59
2025-07-11,Ground Beef,Meat,2.21,4.15,3,6.63,12.45
2025-07-23,Milk,Dairy,1.65,3.83,11,18.15,42.13
2025-07-03,Cereal,Grocery,2.28,3.68,19,43.32,69.92
2025-07-07,Eggs,Dairy,2.44,2.27,4,9.76,9.08
2025-07-21,Yogurt,Dairy,1.78,1.68,7,12.46,11.76
2025-07-07,Bananas,Produce,3.15,3.06,11,34.65,33.66
2025-07-10,Apples,Produce,3.06,3.79,3,9.18,11.37
2025-07-01,Chicken Breast,Meat,2.83,2.94,16,45.28,47.04
2025-07-22,Eggs,Dairy,2.33,3.93,1,2.33,3.93
2025-07-28,Eggs,Dairy,3.08,2.44,2,6.16,4.88
2025-07-12,Bread,Bakery,1.87,3.87,15,28.05,58.05
2025-07-05,Bread,Bakery,3.76,2.01,14,52.64,28.14
2025-07-12,Ground Beef,Meat,2.42,2.29,18,43.56,41.22
2025-07-02,Chicken Breast,Meat,2.82,3.8,12,33.84,45.6
2025-07-11,Eggs,Dairy,3.12,3.29,14,43.68,46.06
2025-07-19,Eggs,Dairy,3.32,3.9,20,66.4,78.0
2025-07-28,Cereal,Grocery,1.82,2.81,2,3.64,5.62
2025-07-30,Chicken Breast,Meat,2.18,3.6,13,28.34,46.8
2025-07-27,Eggs,Dairy,2.44,2.29,18,43.92,41.22
2025-07-09,Bread,Bakery,3.74,2.7,11,41.14,29.7
2025-07-09,Yogurt,Dairy,2.89,3.26,6,17.34,19.56
2025-07-19,Apples,Produce,2.63,3.28,19,49.97,62.32
2025-07-13,Milk,Dairy,2.37,2.76,14,33.18,38.64
2025-07-21,Bananas,Produce,2.5,2.3,20,50.0,46.0
2025-07-11,Bread,Bakery,3.09,2.6,18,55.62,46.8
2025-07-07,Yogurt,Dairy,2.6,1.77,1,2.6,1.77
2025-07-26,Bread,Bakery,2.26,3.65,7,15.82,25.55
2025-07-26,Orange Juice,Beverages,2.6,2.36,14,36.4,33.04
2025-07-01,Orange Juice,Beverages,2.96,3.33,10,29.6,33.3
2025-07-06,Eggs,Dairy,3.2,3.55,6,19.2,21.3
2025-07-13,Eggs,Dairy,3.35,3.83,9,30.15,34.47
2025-07-03,Ground Beef,Meat,2.85,3.24,18,51.3,58.32
2025-07-09,Apples,Produce,3.13,3.34,15,46.95,50.1
2025-07-04,Orange Juice,Beverages,2.56,3.57,3,7.68,10.71
2025-07-30,Chicken Breast,Meat,3.34,2.72,12,40.08,32.64
2025-07-19,Bread,Bakery,2.17,2.71,13,28.21,35.23
2025-07-01,Chicken Breast,Meat,1.72,3.63,14,24.08,50.82
2025-07-25,Orange Juice,Beverages,1.98,2.68,19,37.62,50.92
2025-07-04,Bananas,Produce,1.84,3.72,9,16.56,33.48
2025-07-19,Cereal,Grocery,2.08,2.99,19,39.52,56.81
2025-07-28,Orange Juice,Beverages,2.25,3.13,15,33.75,46.95
2025-07-29,Orange Juice,Beverages,2.37,2.0,20,47.4,40.0
2025-07-27,Cereal,Grocery,3.19,3.45,20,63.8,69.0
2025-07-27,Eggs,Dairy,4.05,3.21,19,76.95,60.99
2025-07-07,Chicken Breast,Meat,1.72,4.2,2,3.44,8.4
2025-07-20,Ground Beef,Meat,3.04,2.98,2,6.08,5.96
2025-07-02,Milk,Dairy,2.8,3.68,19,53.2,69.92
2025-07-26,Eggs,Dairy,2.9,3.11,12,34.8,37.32
2025-07-24,Chicken Breast,Meat,2.16,1.63,15,32.4,24.45
2025-07-19,Yogurt,Dairy,2.87,2.57,4,11.48,10.28
2025-07-18,Eggs,Dairy,2.66,2.83,13,34.58,36.79
2025-07-12,Milk,Dairy,2.05,2.92,15,30.75,43.8
2025-07-09,Ground Beef,Meat,3.27,4.08,20,65.4,81.6
2025-07-24,Orange Juice,Beverages,1.92,3.19,2,3.84,6.38
2025-07-07,Bananas,Produce,3.36,3.92,4,13.44,15.68
2025-07-26,Orange Juice,Beverages,2.48,3.29,11,27.28,36.19
2025-07-11,Cereal,Grocery,2.42,3.6,16,38.72,57.6
2025-07-07,Chicken Breast,Meat,1.45,3.15,9,13.05,28.35
2025-07-19,Orange Juice,Beverages,1.72,2.74,11,18.92,30.14
2025-07-17,Cereal,Grocery,1.85,2.09,11,20.35,22.99
2025-07-01,Bread,Bakery,2.92,3.73,5,14.6,18.65
2025-07-21,Orange Juice,Beverages,2.85,3.58,15,42.75,53.7
2025-07-18,Cereal,Grocery,2.35,3.23,20,47.0,64.6
2025-07-30,Chicken Breast,Meat,2.46,2.98,5,12.3,14.9
2025-07-21,Bananas,Produce,2.43,2.38,5,12.15,11.9
2025-07-21,Chicken Breast,Meat,2.6,2.46,12,31.2,29.52
2025-07-13,Eggs,Dairy,2.57,3.27,7,17.99,22.89
2025-07-05,Bananas,Produce,3.0,1.26,18,54.0,22.68
2025-07-18,Bread,Bakery,2.71,1.75,13,35.23,22.75
2025-07-03,Bread,Bakery,2.13,3.3,1,2.13,3.3
2025-07-15,Orange Juice,Beverages,2.14,3.29,6,12.84,19.74
2025-07-21,Milk,Dairy,2.4,3.13,2,4.8,6.26
2025-07-17,Cereal,Grocery,2.45,2.98,18,44.1,53.64
2025-07-24,Chicken Breast,Meat,2.98,3.18,8,23.84,25.44
2025-07-07,Eggs,Dairy,2.3,3.17,14,32.2,44.38
2025-07-25,Orange Juice,Beverages,2.59,3.45,16,41.44,55.2
2025-07-14,Yogurt,Dairy,2.75,3.59,9,24.75,32.31
2025-07-10,Yogurt,Dairy,2.65,2.55,18,47.7,45.9
2025-07-28,Cereal,Grocery,1.69,3.56,1,1.69,3.56
2025-07-29,Bananas,Produce,3.0,2.85,9,27.0,25.65
2025-07-28,Bananas,Produce,2.37,2.7,11,26.07,29.7
2025-07-21,Apples,Produce,2.38,3.58,14,33.32,50.12
2025-07-24,Cereal,Grocery,2.44,3.46,2,4.88,6.92
2025-07-24,Chicken Breast,Meat,2.86,3.38,19,54.34,64.22
2025-07-28,Yogurt,Dairy,2.34,3.57,7,16.38,24.99
2025-07-12,Chicken Breast,Meat,1.86,2.01,19,35.34,38.19
2025-07-27,Yogurt,Dairy,2.0,1.71,17,34.0,29.07
2025-07-07,Orange Juice,Beverages,1.42,4.06,6,8.52,24.36
2025-07-13,Chicken Breast,Meat,2.58,2.58,14,36.12,36.12
2025-07-01,Orange Juice,Beverages,3.13,3.42,9,28.17,30.78
2025-07-24,Milk,Dairy,2.99,2.81,16,47.84,44.96
2025-07-06,Orange Juice,Beverages,2.54,2.29,15,38.1,34.35
2025-07-08,Eggs,Dairy,3.66,3.44,16,58.56,55.04
2025-07-02,Bread,Bakery,3.31,3.2,12,39.72,38.4
2025-07-02,Eggs,Dairy,2.88,3.17,4,11.52,12.68
2025-07-08,Bananas,Produce,2.41,3.33,2,4.82,6.66
2025-07-06,Bread,Bakery,2.7,2.33,20,54.0,46.6
2025-07-08,Cereal,Grocery,2.76,3.12,3,8.28,9.36
2025-07-07,Apples,Produce,2.09,3.1,18,37.62,55.8
2025-07-25,Ground Beef,Meat,2.66,2.96,11,29.26,32.56
2025-07-01,Bread,Bakery,2.23,3.31,17,37.91,56.27
2025-07-11,Yogurt,Dairy,1.7,3.26,4,6.8,13.04
2025-07-12,Bananas,Produce,2.09,2.91,1,2.09,2.91
2025-07-28,Yogurt,Dairy,2.74,1.63,15,41.1,24.45
2025-07-25,Milk,Dairy,2.56,3.33,9,23.04,29.97
2025-07-29,Bananas,Produce,2.79,3.7,10,27.9,37.0
2025-07-05,Eggs,Dairy,2.36,3.45,5,11.8,17.25
2025-07-26,Yogurt,Dairy,3.03,2.45,4,12.12,9.8
2025-07-19,Ground Beef,Meat,3.41,2.5,18,61.38,45.0
2025-07-02,Cereal,Grocery,2.22,3.26,18,39.96,58.68
2025-07-28,Cereal,Grocery,2.28,2.65,12,27.36,31.8
2025-07-26,Bread,Bakery,2.32,3.27,17,39.44,55.59
2025-07-10,Orange Juice,Beverages,2.23,2.44,3,6.69,7.32
2025-07-25,Bread,Bakery,2.98,4.33,10,29.8,43.3
2025-07-12,Eggs,Dairy,2.87,2.19,2,5.74,4.38
2025-07-18,Cereal,Grocery,2.83,2.07,18,50.94,37.26
2025-07-27,Yogurt,Dairy,1.78,1.85,7,12.46,12.95
2025-07-14,Apples,Produce,3.02,2.69,4,12.08,10.76
2025-07-10,Yogurt,Dairy,2.78,3.98,7,19.46,27.86
2025-07-21,Apples,Produce,2.13,3.52,5,10.65,17.6
2025-07-01,Chicken Breast,Meat,1.95,2.57,9,17.55,23.13
2025-07-03,Bananas,Produce,1.99,4.25,2,3.98,8.5
2025-07-28,Chicken Breast,Meat,2.24,3.12,8,17.92,24.96
2025-07-20,Yogurt,Dairy,2.67,3.5,12,32.04,42.0
2025-07-15,Eggs,Dairy,1.91,2.26,6,11.46,13.56
2025-07-22,Chicken Breast,Meat,2.43,2.68,6,14.58,16.08
2025-07-02,Orange Juice,Beverages,3.34,3.25,20,66.8,65.0
2025-07-22,Milk,Dairy,2.55,2.59,4,10.2,10.36
2025-07-16,Ground Beef,Meat,2.56,3.23,15,38.4,48.45
2025-07-22,Yogurt,Dairy,2.58,2.15,16,41.28,34.4
2025-07-01,Eggs,Dairy,2.49,3.23,13,32.37,41.99
2025-07-15,Apples,Produce,2.12,3.47,20,42.4,69.4
2025-07-11,Cereal,Grocery,2.13,3.14,7,14.91,21.98
2025-07-05,Eggs,Dairy,2.65,3.6,12,31.8,43.2
2025-07-14,Cereal,Grocery,2.85,3.57,14,39.9,49.98
2025-07-26,Apples,Produce,2.35,2.76,13,30.55,35.88
2025-07-28,Yogurt,Dairy,2.15,2.86,9,19.35,25.74
2025-07-06,Milk,Dairy,3.16,3.02,4,12.64,12.08
2025-07-18,Bread,Bakery,2.68,3.84,5,13.4,19.2
2025-07-25,Bananas,Produce,2.51,1.52,17,42.67,25.84
2025-07-21,Milk,Dairy,2.54,2.94,3,7.62,8.82
2025-07-30,Ground Beef,Meat,2.69,4.2,14,37.66,58.8
2025-07-25,Chicken Breast,Meat,2.78,3.36,20,55.6,67.2
2025-07-11,Bread,Bakery,2.23,3.59,3,6.69,10.77
2025-07-25,Bread,Bakery,2.77,2.46,18,49.86,44.28
2025-07-26,Cereal,Grocery,2.54,3.33,10,25.4,33.3
2025-07-14,Chicken Breast,Meat,2.39,3.12,1,2.39,3.12
2025-07-27,Bread,Bakery,2.49,3.49,14,34.86,48.86
2025-07-28,Apples,Produce,2.64,2.93,6,15.84,17.58
2025-07-10,Eggs,Dairy,2.31,2.4,8,18.48,19.2
2025-07-16,Chicken Breast,Meat,2.98,0.97,15,44.7,14.55
2025-07-15,Bread,Bakery,2.53,3.32,13,32.89,43.16
2025-07-21,Milk,Dairy,2.86,2.72,11,31.46,29.92
2025-07-04,Milk,Dairy,3.27,3.73,19,62.13,70.87
2025-07-01,Apples,Produce,3.07,1.79,2,6.14,3.58
2025-07-13,Bread,Bakery,2.16,2.96,11,23.76,32.56
2025-07-07,Cereal,Grocery,2.82,3.82,15,42.3,57.3
2025-07-15,Orange Juice,Beverages,2.19,2.82,16,35.04,45.12
2025-07-09,Chicken Breast,Meat,2.97,3.91,4,11.88,15.64
2025-07-09,Orange Juice,Beverages,1.73,3.55,20,34.6,71.0
2025-07-27,Cereal,Grocery,2.98,3.26,18,53.64,58.68
2025-07-27,Yogurt,Dairy,1.82,2.87,7,12.74,20.09
2025-07-21,Bananas,Produce,1.53,4.62,7,10.71,32.34
2025-07-21,Ground Beef,Meat,2.94,3.46,2,5.88,6.92
2025-07-05,Orange Juice,Beverages,2.38,2.37,6,14.28,14.22
2025-07-07,Cereal,Grocery,2.93,2.52,7,20.51,17.64
2025-07-12,Bananas,Produce,1.73,3.62,18,31.14,65.16
2025-07-03,Eggs,Dairy,1.9,3.31,5,9.5,16.55
2025-07-26,Apples,Produce,2.49,3.35,3,7.47,10.05
2025-07-03,Milk,Dairy,2.91,2.22,20,58.2,44.4
2025-07-16,Bread,Bakery,2.16,2.73,4,8.64,10.92
2025-07-21,Chicken Breast,Meat,2.31,3.33,18,41.58,59.94
2025-07-16,Bread,Bakery,1.35,2.73,20,27.0,54.6
2025-07-07,Apples,Produce,2.35,3.62,10,23.5,36.2
2025-07-14,Milk,Dairy,2.17,3.62,1,2.17,3.62
2025-07-10,Milk,Dairy,2.66,2.9,8,21.28,23.2
2025-07-29,Yogurt,Dairy,3.58,2.64,2,7.16,5.28
2025-07-26,Bananas,Produce,2.03,1.7,17,34.51,28.9
2025-07-18,Orange Juice,Beverages,2.18,3.1,13,28.34,40.3
2025-07-23,Orange Juice,Beverages,2.73,2.59,1,2.73,2.59
2025-07-12,Milk,Dairy,2.2,2.95,8,17.6,23.6
2025-07-14,Apples,Produce,2.62,2.73,13,34.06,35.49
2025-07-06,Milk,Dairy,2.44,3.06,17,41.48,52.02
2025-07-14,Eggs,Dairy,1.83,2.42,11,20.13,26.62
2025-07-08,Orange Juice,Beverages,2.19,3.72,5,10.95,18.6
2025-07-20,Bread,Bakery,3.13,3.11,8,25.04,24.88
2025-07-30,Milk,Dairy,3.0,2.55,9,27.0,22.95
2025-07-20,Bananas,Produce,1.87,2.7,17,31.79,45.9
2025-07-08,Bananas,Produce,2.07,2.47,9,18.63,22.23
2025-07-21,Eggs,Dairy,2.73,4.3,18,49.14,77.4
2025-07-25,Cereal,Grocery,2.11,2.78,8,16.88,22.24
2025-07-14,Orange Juice,Beverages,2.48,2.39,16,39.68,38.24
2025-07-09,Chicken Breast,Meat,2.77,3.64,11,30.47,40.04
2025-07-22,Orange Juice,Beverages,2.09,3.12,8,16.72,24.96
2025-07-15,Apples,Produce,1.63,1.83,18,29.34,32.94
2025-07-10,Orange Juice,Beverages,2.39,2.83,14,33.46,39.62
2025-07-15,Bread,Bakery,1.89,3.68,7,13.23,25.76
2025-07-13,Chicken Breast,Meat,2.92,2.51,8,23.36,20.08
2025-07-07,Cereal,Grocery,2.69,3.96,12,32.28,47.52
2025-07-05,Chicken Breast,Meat,2.43,2.78,11,26.73,30.58
2025-07-25,Eggs,Dairy,2.65,1.97,13,34.45,25.61
2025-07-03,Bread,Bakery,2.45,2.95,15,36.75,44.25
2025-07-10,Eggs,Dairy,1.9,2.98,12,22.8,35.76
2025-07-28,Milk,Dairy,2.65,4.02,1,2.65,4.02
2025-07-07,Yogurt,Dairy,1.55,3.05,19,29.45,57.95
2025-07-23,Orange Juice,Beverages,3.0,3.12,5,15.0,15.6
2025-07-01,Bananas,Produce,2.43,2.27,16,38.88,36.32
2025-07-08,Bananas,Produce,2.8,3.46,3,8.4,10.38
2025-07-25,Apples,Produce,3.14,2.75,11,34.54,30.25
2025-07-14,Milk,Dairy,3.05,2.49,14,42.7,34.86
2025-07-10,Milk,Dairy,1.9,3.27,9,17.1,29.43
2025-07-14,Bread,Bakery,2.84,1.67,4,11.36,6.68
2025-07-14,Eggs,Dairy,1.78,2.34,19,33.82,44.46
2025-07-16,Orange Juice,Beverages,2.45,3.73,19,46.55,70.87
2025-07-22,Cereal,Grocery,3.36,2.76,3,10.08,8.28
2025-07-26,Chicken Breast,Meat,2.7,2.47,8,21.6,19.76
2025-07-25,Ground Beef,Meat,2.3,2.75,13,29.9,35.75
2025-07-28,Apples,Produce,2.59,2.5,4,10.36,10.0
2025-07-18,Bananas,Produce,3.4,3.05,5,17.0,15.25
2025-07-04,Yogurt,Dairy,3.27,4.2,4,13.08,16.8
2025-07-26,Apples,Produce,2.49,2.6,18,44.82,46.8
2025-07-04,Chicken Breast,Meat,2.35,3.04,19,44.65,57.76
2025-07-21,Chicken Breast,Meat,2.09,3.0,13,27.17,39.0
2025-07-26,Yogurt,Dairy,2.78,2.7,19,52.82,51.3
2025-07-01,Orange Juice,Beverages,1.93,2.88,17,32.81,48.96
2025-07-29,Eggs,Dairy,2.08,2.92,20,41.6,58.4
2025-07-26,Chicken Breast,Meat,2.89,3.53,13,37.57,45.89
2025-07-30,Bananas,Produce,2.73,2.35,20,54.6,47.0
2025-07-28,Chicken Breast,Meat,2.33,3.16,6,13.98,18.96
2025-07-29,Yogurt,Dairy,2.65,2.17,10,26.5,21.7
2025-07-09,Eggs,Dairy,2.57,1.94,13,33.41,25.22
2025-07-20,Bananas,Produce,2.29,3.32,5,11.45,16.6
2025-07-11,Bread,Bakery,2.32,3.24,17,39.44,55.08
2025-07-27,Orange Juice,Beverages,2.85,2.94,4,11.4,11.76
2025-07-24,Chicken Breast,Meat,2.49,4.06,1,2.49,4.06
2025-07-09,Bananas,Produce,2.36,2.4,20,47.2,48.0
2025-07-19,Cereal,Grocery,2.68,3.07,12,32.16,36.84
2025-07-01,Apples,Produce,2.02,2.43,14,28.28,34.02
2025-07-15,Orange Juice,Beverages,2.08,2.45,10,20.8,24.5
2025-07-02,Bananas,Produce,2.26,3.43,9,20.34,30.87
2025-07-15,Bananas,Produce,2.24,2.99,20,44.8,59.8
2025-07-14,Bread,Bakery,3.03,4.22,4,12.12,16.88
2025-07-06,Apples,Produce,3.04,2.56,6,18.24,15.36
2025-07-05,Yogurt,Dairy,2.62,3.05,15,39.3,45.75
2025-07-07,Yogurt,Dairy,2.37,3.56,12,28.44,42.72
2025-07-04,Bread,Bakery,2.77,3.75,5,13.85,18.75
2025-07-25,Bananas,Produce,1.94,3.34,17,32.98,56.78
2025-07-02,Apples,Produce,2.73,2.98,12,32.76,35.76
2025-07-30,Bananas,Produce,2.1,2.81,18,37.8,50.58
2025-07-21,Yogurt,Dairy,2.2,3.98,7,15.4,27.86
2025-07-22,Yogurt,Dairy,2.73,4.15,2,5.46,8.3
2025-07-13,Yogurt,Dairy,3.01,1.63,7,21.07,11.41
2025-07-16,Milk,Dairy,2.69,4.09,6,16.14,24.54
2025-07-22,Cereal,Grocery,2.78,2.74,10,27.8,27.4
2025-07-15,Orange Juice,Beverages,2.72,3.54,2,5.44,7.08
2025-07-05,Apples,Produce,2.44,3.67,7,17.08,25.69
2025-07-16,Ground Beef,Meat,2.14,3.04,8,17.12,24.32
2025-07-04,Yogurt,Dairy,2.35,2.51,3,7.05,7.53
2025-07-24,Eggs,Dairy,2.18,2.52,20,43.6,50.4
2025-07-27,Orange Juice,Beverages,3.29,3.16,20,65.8,63.2
2025-07-16,Eggs,Dairy,1.78,3.06,15,26.7,45.9
2025-07-01,Apples,Produce,2.35,2.06,17,39.95,35.02
2025-07-28,Orange Juice,Beverages,2.94,2.95,1,2.94,2.95
2025-07-30,Cereal,Grocery,3.13,2.72,7,21.91,19.04
2025-07-01,Ground Beef,Meat,3.02,3.3,18,54.36,59.4
2025-07-04,Cereal,Grocery,2.44,2.47,11,26.84,27.17
2025-07-21,Ground Beef,Meat,2.56,2.14,9,23.04,19.26
2025-07-24,Chicken Breast,Meat,3.44,3.65,9,30.96,32.85
2025-07-06,Bananas,Produce,2.88,2.88,8,23.04,23.04
2025-07-01,Ground Beef,Meat,1.12,3.64,6,6.72,21.84
2025-07-08,Bananas,Produce,2.18,3.62,3,6.54,10.86
2025-07-11,Yogurt,Dairy,2.89,2.84,11,31.79,31.24
2025-07-21,Cereal,Grocery,2.23,2.69,5,11.15,13.45
2025-07-18,Yogurt,Dairy,2.89,3.34,5,14.45,16.7
2025-07-13,Chicken Breast,Meat,3.53,2.36,19,67.07,44.84
2025-07-14,Milk,Dairy,2.6,3.14,14,36.4,43.96
2025-07-18,Cereal,Grocery,1.97,2.98,13,25.61,38.74
2025-07-19,Apples,Produce,2.69,2.54,3,8.07,7.62
2025-07-13,Bread,Bakery,3.4,3.13,2,6.8,6.26
2025-07-05,Yogurt,Dairy,2.24,2.25,3,6.72,6.75
2025-07-09,Eggs,Dairy,2.67,2.82,20,53.4,56.4
2025-07-21,Apples,Produce,2.64,3.44,9,23.76,30.96
2025-07-01,Milk,Dairy,2.45,1.66,3,7.35,4.98
2025-07-03,Bananas,Produce,2.53,3.63,16,40.48,58.08
2025-07-05,Milk,Dairy,2.92,3.33,1,2.92,3.33
2025-07-21,Yogurt,Dairy,2.22,2.75,9,19.98,24.75
2025-07-08,Eggs,Dairy,2.11,3.37,11,23.21,37.07
2025-07-18,Milk,Dairy,3.11,3.91,17,52.87,66.47
2025-07-22,Cereal,Grocery,2.45,3.74,15,36.75,56.1
2025-07-27,Yogurt,Dairy,2.26,3.18,3,6.78,9.54
2025-07-14,Eggs,Dairy,2.27,3.12,7,15.89,21.84
2025-07-11,Bananas,Produce,2.73,2.4,1,2.73,2.4
2025-07-23,Apples,Produce,2.25,3.47,3,6.75,10.41
2025-07-03,Orange Juice,Beverages,2.56,4.16,6,15.36,24.96
2025-07-21,Milk,Dairy,2.2,2.88,14,30.8,40.32
2025-07-07,Yogurt,Dairy,2.67,3.13,17,45.39,53.21
2025-07-18,Ground Beef,Meat,2.86,3.4,13,37.18,44.2
2025-07-11,Yogurt,Dairy,2.64,3.45,6,15.84,20.7
2025-07-13,Orange Juice,Beverages,2.84,4.14,2,5.68,8.28
2025-07-08,Milk,Dairy,1.65,1.63,4,6.6,6.52
2025-07-30,Cereal,Grocery,2.02,2.82,19,38.38,53.58
2025-07-17,Bread,Bakery,2.23,2.95,14,31.22,41.3
2025-07-29,Yogurt,Dairy,2.39,3.25,16,38.24,52.0
2025-07-21,Bananas,Produce,2.77,3.53,20,55.4,70.6
2025-07-06,Bananas,Produce,2.52,3.09,9,22.68,27.81
2025-07-19,Apples,Produce,2.94,2.68,19,55.86,50.92
2025-07-17,Bread,Bakery,2.68,4.1,8,21.44,32.8
2025-07-29,Ground Beef,Meat,1.65,3.32,14,23.1,46.48
2025-07-29,Orange Juice,Beverages,1.7,3.47,14,23.8,48.58
2025-07-23,Cereal,Grocery,2.98,4.03,9,26.82,36.27
2025-07-09,Cereal,Grocery,3.12,3.07,16,49.92,49.12
2025-07-07,Yogurt,Dairy,2.54,2.72,14,35.56,38.08
2025-07-05,Chicken Breast,Meat,2.54,3.7,5,12.7,18.5
2025-07-17,Milk,Dairy,2.1,2.57,12,25.2,30.84
2025-07-23,Ground Beef,Meat,2.63,3.39,17,44.71,57.63
2025-07-02,Eggs,Dairy,1.94,2.93,19,36.86,55.67
2025-07-05,Bread,Bakery,2.43,3.57,8,19.44,28.56
2025-07-03,Ground Beef,Meat,2.46,3.38,19,46.74,64.22
2025-07-18,Bread,Bakery,2.54,2.04,4,10.16,8.16
2025-07-09,Orange Juice,Beverages,2.37,1.56,12,28.44,18.72
2025-07-01,Cereal,Grocery,2.56,3.33,9,23.04,29.97
2025-07-01,Chicken Breast,Meat,3.65,3.06,6,21.9,18.36
2025-07-07,Ground Beef,Meat,2.55,2.72,8,20.4,21.76
2025-07-22,Milk,Dairy,2.41,2.04,13,31.33,26.52
2025-07-03,Bread,Bakery,1.8,2.95,3,5.4,8.85
2025-07-24,Yogurt,Dairy,1.86,1.42,17,31.62,24.14
2025-07-07,Orange Juice,Beverages,2.4,3.0,14,33.6,42.0
2025-07-27,Orange Juice,Beverages,2.26,3.47,7,15.82,24.29
2025-07-05,Bread,Bakery,2.66,3.8,10,26.6,38.0
2025-07-13,Orange Juice,Beverages,2.69,2.89,9,24.21,26.01
2025-07-18,Chicken Breast,Meat,2.21,3.51,17,37.57,59.67
2025-07-26,Bananas,Produce,2.34,2.52,7,16.38,17.64
2025-07-12,Apples,Produce,2.28,3.04,11,25.08,33.44
2025-07-30,Orange Juice,Beverages,2.47,2.65,14,34.58,37.1
2025-07-26,Orange Juice,Beverages,2.32,2.33,19,44.08,44.27
2025-07-13,Yogurt,Dairy,2.92,2.89,13,37.96,37.57
2025-07-28,Cereal,Grocery,1.71,3.54,13,22.23,46.02
2025-07-29,Yogurt,Dairy,2.84,3.25,14,39.76,45.5
2025-07-17,Chicken Breast,Meat,2.57,2.63,18,46.26,47.34
2025-07-30,Yogurt,Dairy,2.91,2.28,1,2.91,2.28
2025-07-13,Chicken Breast,Meat,1.42,2.57,19,26.98,48.83
2025-07-17,Cereal,Grocery,3.07,4.32,17,52.19,73.44
2025-07-21,Bread,Bakery,2.76,2.9,9,24.84,26.1
2025-07-23,Eggs,Dairy,2.9,3.18,13,37.7,41.34
2025-07-10,Eggs,Dairy,2.6,3.46,3,7.8,10.38
2025-07-21,Bananas,Produce,2.19,3.22,2,4.38,6.44
2025-07-08,Orange Juice,Beverages,3.14,3.07,8,25.12,24.56
2025-07-27,Ground Beef,Meat,2.78,3.55,12,33.36,42.6
2025-07-22,Bananas,Produce,2.44,1.87,13,31.72,24.31
2025-07-14,Ground Beef,Meat,2.9,2.88,17,49.3,48.96
2025-07-29,Chicken Breast,Meat,2.41,2.11,6,14.46,12.66
2025-07-23,Eggs,Dairy,2.74,3.51,18,49.32,63.18
2025-07-09,Eggs,Dairy,2.13,2.9,9,19.17,26.1
2025-07-22,Apples,Produce,3.0,2.6,12,36.0,31.2
2025-07-26,Cereal,Grocery,2.76,3.29,12,33.12,39.48
2025-07-16,Bread,Bakery,2.43,3.49,8,19.44,27.92
2025-07-29,Chicken Breast,Meat,2.36,2.96,1,2.36,2.96
2025-07-20,Milk,Dairy,3.2,4.85,5,16.0,24.25
2025-07-02,Bananas,Produce,2.3,3.08,1,2.3,3.08
2025-07-15,Eggs,Dairy,2.02,2.74,10,20.2,27.4
2025-07-26,Apples,Produce,3.16,3.84,11,34.76,42.24
2025-07-22,Cereal,Grocery,3.14,2.7,11,34.54,29.7
2025-07-03,Yogurt,Dairy,3.06,2.29,5,15.3,11.45
2025-07-09,Ground Beef,Meat,3.11,3.07,12,37.32,36.84
2025-07-12,Milk,Dairy,2.03,3.09,17,34.51,52.53
2025-07-22,Orange Juice,Beverages,2.48,2.31,3,7.44,6.93
2025-07-06,Ground Beef,Meat,2.45,3.25,14,34.3,45.5
2025-07-12,Chicken Breast,Meat,2.46,2.78,10,24.6,27.8
2025-07-15,Ground Beef,Meat,1.7,2.46,15,25.5,36.9
2025-07-24,Yogurt,Dairy,1.95,2.98,5,9.75,14.9
2025-07-26,Apples,Produce,2.45,3.14,6,14.7,18.84
2025-07-02,Apples,Produce,3.09,3.22,17,52.53,54.74
2025-07-23,Bread,Bakery,2.6,2.53,20,52.0,50.6
2025-07-29,Milk,Dairy,3.82,1.92,13,49.66,24.96
2025-07-14,Orange Juice,Beverages,2.82,3.3,19,53.58,62.7
2025-07-26,Orange Juice,Beverages,3.03,2.72,13,39.39,35.36
2025-07-10,Eggs,Dairy,1.87,2.48,12,22.44,29.76
2025-07-22,Bread,Bakery,2.59,3.76,1,2.59,3.76
2025-07-30,Milk,Dairy,1.96,3.14,3,5.88,9.42
2025-07-13,Chicken Breast,Meat,2.66,2.79,4,10.64,11.16
2025-07-03,Chicken Breast,Meat,2.65,3.54,19,50.35,67.26
2025-07-28,Milk,Dairy,2.28,2.23,5,11.4,11.15
2025-07-12,Bananas,Produce,3.82,2.1,19,72.58,39.9
2025-07-12,Ground Beef,Meat,2.63,2.39,2,5.26,4.78
2025-07-16,Ground Beef,Meat,2.63,4.06,12,31.56,48.72
2025-07-13,Bananas,Produce,2.16,3.05,20,43.2,61.0
2025-07-14,Ground Beef,Meat,2.24,2.98,6,13.44,17.88
2025-07-08,Yogurt,Dairy,2.44,2.3,16,39.04,36.8
2025-07-22,Chicken Breast,Meat,2.61,2.79,6,15.66,16.74
2025-07-29,Ground Beef,Meat,1.61,3.76,6,9.66,22.56
2025-07-21,Eggs,Dairy,3.84,3.57,15,57.6,53.55
2025-07-01,Apples,Produce,2.87,3.11,19,54.53,59.09
2025-07-01,Bananas,Produce,3.03,3.13,14,42.42,43.82
2025-07-27,Bananas,Produce,1.4,1.97,15,21.0,29.55
2025-07-20,Bananas,Produce,2.71,3.9,13,35.23,50.7
2025-07-30,Yogurt,Dairy,2.58,3.0,8,20.64,24.0
2025-07-26,Orange Juice,Beverages,2.4,3.68,17,40.8,62.56
2025-07-16,Orange Juice,Beverages,1.99,2.52,6,11.94,15.12
2025-07-05,Chicken Breast,Meat,2.94,3.47,11,32.34,38.17
2025-07-12,Apples,Produce,2.54,3.65,16,40.64,58.4
2025-07-05,Milk,Dairy,2.24,3.61,3,6.72,10.83
2025-07-13,Bread,Bakery,2.98,3.31,7,20.86,23.17
2025-07-15,Yogurt,Dairy,3.1,2.14,15,46.5,32.1
2025-07-02,Apples,Produce,2.71,2.64,5,13.55,13.2
2025-07-16,Eggs,Dairy,2.73,3.29,1,2.73,3.29
2025-07-16,Milk,Dairy,2.68,3.64,8,21.44,29.12
2025-07-18,Eggs,Dairy,3.27,2.58,14,45.78,36.12
2025-07-10,Milk,Dairy,1.68,2.02,6,10.08,12.12
2025-07-17,Chicken Breast,Meat,2.74,1.89,14,38.36,26.46
2025-07-23,Cereal,Grocery,1.55,3.13,8,12.4,25.04
2025-07-01,Cereal,Grocery,2.43,2.03,2,4.86,4.06
2025-07-01,Orange Juice,Beverages,2.42,2.57,15,36.3,38.55
2025-07-07,Ground Beef,Meat,2.71,2.8,3,8.13,8.4
2025-07-21,Orange Juice,Beverages,2.91,2.88,7,20.37,20.16
2025-07-25,Yogurt,Dairy,1.73,2.92,9,15.57,26.28
2025-07-20,Milk,Dairy,2.3,2.17,17,39.1,36.89
2025-07-12,Cereal,Grocery,2.84,3.24,10,28.4,32.4
2025-07-30,Chicken Breast,Meat,3.4,3.74,20,68.0,74.8
2025-07-29,Apples,Produce,2.71,4.33,18,48.78,77.94
2025-07-09,Bananas,Produce,2.92,3.34,15,43.8,50.1
2025-07-09,Bread,Bakery,3.03,4.66,13,39.39,60.58
2025-07-03,Bananas,Produce,2.61,3.26,12,31.32,39.12
2025-07-14,Ground Beef,Meat,1.58,2.98,18,28.44,53.64
2025-07-28,Apples,Produce,2.78,3.49,9,25.02,31.41
2025-07-09,Bread,Bakery,2.09,3.67,17,35.53,62.39
2025-07-26,Chicken Breast,Meat,2.19,3.01,6,13.14,18.06
2025-07-08,Bread,Bakery,2.59,3.54,8,20.72,28.32
2025-07-27,Ground Beef,Meat,2.07,3.68,11,22.77,40.48
2025-07-02,Chicken Breast,Meat,2.42,3.09,9,21.78,27.81
2025-07-21,Bananas,Produce,2.26,3.52,4,9.04,14.08
2025-07-21,Cereal,Grocery,1.56,2.29,12,18.72,27.48
2025-07-26,Bananas,Produce,2.13,3.21,1,2.13,3.21
2025-07-17,Orange Juice,Beverages,2.08,3.25,11,22.88,35.75
2025-07-09,Yogurt,Dairy,2.6,3.04,12,31.2,36.48
2025-07-20,Milk,Dairy,2.69,2.52,9,24.21,22.68
2025-07-03,Chicken Breast,Meat,2.6,2.83,12,31.2,33.96
2025-07-11,Bananas,Produce,1.29,2.98,9,11.61,26.82
2025-07-30,Bread,Bakery,2.0,2.96,14,28.0,41.44
2025-07-09,Apples,Produce,2.36,3.2,5,11.8,16.0
2025-07-01,Bread,Bakery,2.66,3.18,16,42.56,50.88
2025-07-15,Ground Beef,Meat,2.97,2.8,1,2.97,2.8
2025-07-24,Milk,Dairy,2.82,3.45,13,36.66,44.85
2025-07-12,Ground Beef,Meat,2.13,2.75,7,14.91,19.25
2025-07-21,Apples,Produce,2.69,2.65,6,16.14,15.9
2025-07-03,Yogurt,Dairy,1.91,3.99,8,15.28,31.92
2025-07-13,Bananas,Produce,3.73,2.4,11,41.03,26.4
2025-07-16,Cereal,Grocery,2.23,2.9,10,22.3,29.0
2025-07-06,Cereal,Grocery,2.04,3.06,10,20.4,30.6
2025-07-28,Orange Juice,Beverages,2.39,2.4,3,7.17,7.2
2025-07-16,Ground Beef,Meat,2.89,1.55,20,57.8,31.0
2025-07-22,Chicken Breast,Meat,2.49,2.84,4,9.96,11.36
2025-07-18,Eggs,Dairy,2.45,2.71,1,2.45,2.71
2025-07-07,Chicken Breast,Meat,3.03,2.57,15,45.45,38.55
2025-07-19,Milk,Dairy,2.28,2.8,12,27.36,33.6
2025-07-04,Chicken Breast,Meat,2.84,3.36,2,5.68,6.72
2025-07-07,Ground Beef,Meat,2.37,2.23,1,2.37,2.23
2025-07-19,Milk,Dairy,2.08,3.44,12,24.96,41.28
2025-07-09,Cereal,Grocery,2.58,3.03,15,38.7,45.45
2025-07-12,Milk,Dairy,2.76,4.17,8,22.08,33.36
2025-07-09,Chicken Breast,Meat,2.84,3.41,8,22.72,27.28
2025-07-25,Bread,Bakery,2.26,2.76,8,18.08,22.08
2025-07-13,Yogurt,Dairy,2.45,2.01,15,36.75,30.15
2025-07-28,Orange Juice,Beverages,2.59,2.73,4,10.36,10.92
2025-07-06,Milk,Dairy,2.77,3.03,9,24.93,27.27
2025-07-08,Bananas,Produce,2.83,2.48,7,19.81,17.36
2025-07-20,Orange Juice,Beverages,2.67,2.4,10,26.7,24.0
2025-07-04,Ground Beef,Meat,1.93,2.44,13,25.09,31.72
2025-07-06,Bread,Bakery,2.75,3.68,15,41.25,55.2
2025-07-09,Milk,Dairy,2.72,2.38,1,2.72,2.38
2025-07-14,Orange Juice,Beverages,2.82,2.86,15,42.3,42.9
2025-07-30,Bananas,Produce,2.58,2.77,17,43.86,47.09
2025-07-25,Bananas,Produce,2.5,3.46,9,22.5,31.14
2025-07-11,Apples,Produce,1.96,2.91,18,35.28,52.38
2025-07-22,Chicken Breast,Meat,3.02,2.53,14,42.28,35.42
2025-07-16,Bananas,Produce,2.4,2.79,18,43.2,50.22
2025-07-12,Milk,Dairy,1.85,3.11,3,5.55,9.33
2025-07-30,Yogurt,Dairy,2.4,2.26,12,28.8,27.12
2025-07-20,Milk,Dairy,2.65,3.41,17,45.05,57.97
2025-07-06,Milk,Dairy,2.29,3.35,6,13.74,20.1
2025-07-24,Ground Beef,Meat,2.64,2.51,16,42.24,40.16
2025-07-04,Chicken Breast,Meat,2.77,2.93,12,33.24,35.16
2025-07-28,Cereal,Grocery,2.29,2.03,19,43.51,38.57
2025-07-09,Milk,Dairy,2.25,2.66,18,40.5,47.88
2025-07-14,Yogurt,Dairy,2.71,3.01,8,21.68,24.08
2025-07-27,Bananas,Produce,2.46,2.25,4,9.84,9.0
2025-07-01,Bread,Bakery,2.86,2.22,7,20.02,15.54
2025-07-16,Yogurt,Dairy,2.78,3.25,12,33.36,39.0
2025-07-29,Bread,Bakery,2.81,2.88,10,28.1,28.8
2025-07-23,Orange Juice,Beverages,2.26,3.28,8,18.08,26.24
2025-07-19,Bread,Bakery,2.2,3.46,3,6.6,10.38
2025-07-24,Bread,Bakery,4.25,2.12,7,29.75,14.84
2025-07-25,Cereal,Grocery,1.83,2.04,3,5.49,6.12
2025-07-03,Cereal,Grocery,2.46,2.6,14,34.44,36.4
2025-07-16,Yogurt,Dairy,3.12,1.85,18,56.16,33.3
2025-07-11,Yogurt,Dairy,1.89,3.44,13,24.57,44.72
2025-07-08,Orange Juice,Beverages,2.74,3.39,5,13.7,16.95
2025-07-19,Ground Beef,Meat,2.3,3.41,4,9.2,13.64
2025-07-19,Cereal,Grocery,1.73,4.19,19,32.87,79.61
2025-07-15,Chicken Breast,Meat,1.59,2.54,19,30.21,48.26
2025-07-13,Milk,Dairy,2.05,2.2,15,30.75,33.0
2025-07-04,Bread,Bakery,3.21,2.68,10,32.1,26.8
2025-07-29,Eggs,Dairy,2.56,3.59,13,33.28,46.67
2025-07-06,Cereal,Grocery,1.87,3.22,19,35.53,61.18
2025-07-02,Chicken Breast,Meat,2.28,3.05,14,31.92,42.7
2025-07-20,Yogurt,Dairy,2.51,3.43,3,7.53,10.29
2025-07-01,Bread,Bakery,2.17,3.73,4,8.68,14.92
2025-07-25,Milk,Dairy,1.61,3.19,13,20.93,41.47
2025-07-13,Bread,Bakery,2.85,1.46,5,14.25,7.3
2025-07-23,Eggs,Dairy,2.07,3.39,7,14.49,23.73
2025-07-14,Bananas,Produce,1.96,2.35,3,5.88,7.05
2025-07-11,Yogurt,Dairy,2.2,2.42,19,41.8,45.98
2025-07-18,Orange Juice,Beverages,3.11,3.49,5,15.55,17.45
2025-07-27,Ground Beef,Meat,2.8,3.84,5,14.0,19.2
2025-07-02,Milk,Dairy,2.93,3.35,14,41.02,46.9
2025-07-08,Orange Juice,Beverages,2.32,2.51,15,34.8,37.65
2025-07-06,Orange Juice,Beverages,2.2,3.85,8,17.6,30.8
2025-07-15,Bananas,Produce,2.2,3.14,10,22.0,31.4
2025-07-13,Cereal,Grocery,2.08,3.31,9,18.72,29.79
2025-07-10,Bread,Bakery,2.89,2.16,17,49.13,36.72
2025-07-02,Ground Beef,Meat,1.71,3.48,5,8.55,17.4
2025-07-17,Yogurt,Dairy,2.52,2.43,19,47.88,46.17
2025-07-23,Apples,Produce,2.8,2.89,2,5.6,5.78
2025-07-25,Milk,Dairy,3.04,3.6,6,18.24,21.6
2025-07-19,Orange Juice,Beverages,2.62,3.3,7,18.34,23.1
2025-07-09,Cereal,Grocery,2.29,3.57,2,4.58,7.14
2025-07-30,Chicken Breast,Meat,2.23,3.32,13,28.99,43.16
2025-07-17,Orange Juice,Beverages,2.82,2.33,3,8.46,6.99
2025-07-22,Milk,Dairy,2.66,2.73,16,42.56,43.68
2025-07-06,Bananas,Produce,2.82,3.05,1,2.82,3.05
2025-07-20,Bread,Bakery,2.41,1.82,4,9.64,7.28
2025-07-18,Bananas,Produce,2.85,3.51,18,51.3,63.18
2025-07-01,Bananas,Produce,2.63,2.81,1,2.63,2.81
2025-07-13,Orange Juice,Beverages,2.47,3.27,4,9.88,13.08
2025-07-28,Orange Juice,Beverages,2.53,4.75,6,15.18,28.5
2025-07-17,Bread,Bakery,2.75,3.03,19,52.25,57.57
2025-07-01,Bananas,Produce,1.61,2.61,16,25.76,41.76
2025-07-26,Orange Juice,Beverages,2.38,3.16,3,7.14,9.48
2025-07-23,Yogurt,Dairy,2.59,3.14,4,10.36,12.56
2025-07-29,Cereal,Grocery,1.76,3.61,19,33.44,68.59
2025-07-06,Chicken Breast,Meat,2.11,3.0,14,29.54,42.0
2025-07-14,Cereal,Grocery,3.06,4.16,16,48.96,66.56
2025-07-22,Eggs,Dairy,2.51,3.06,20,50.2,61.2
2025-07-25,Yogurt,Dairy,2.32,3.09,17,39.44,52.53
2025-07-07,Bananas,Produce,2.47,2.86,5,12.35,14.3
2025-07-20,Cereal,Grocery,3.12,2.09,1,3.12,2.09
2025-07-12,Apples,Produce,3.0,2.89,5,15.0,14.45
2025-07-19,Yogurt,Dairy,2.23,1.98,19,42.37,37.62
2025-07-28,Yogurt,Dairy,2.24,3.13,15,33.6,46.95
2025-07-01,Ground Beef,Meat,2.58,2.98,20,51.6,59.6
2025-07-25,Bread,Bakery,3.06,3.87,14,42.84,54.18
2025-07-17,Eggs,Dairy,2.84,3.4,20,56.8,68.0
2025-07-26,Orange Juice,Beverages,2.02,2.43,10,20.2,24.3
2025-07-27,Apples,Produce,2.7,2.97,2,5.4,5.94
2025-07-13,Bread,Bakery,3.26,2.63,20,65.2,52.6
2025-07-16,Chicken Breast,Meat,1.58,2.44,12,18.96,29.28
2025-07-30,Milk,Dairy,2.59,2.58,2,5.18,5.16
2025-07-21,Chicken Breast,Meat,1.63,2.92,10,16.3,29.2
2025-07-12,Orange Juice,Beverages,2.09,3.26,7,14.63,22.82
2025-07-07,Bread,Bakery,2.44,2.57,20,48.8,51.4
2025-07-07,Cereal,Grocery,3.34,3.8,15,50.1,57.0
2025-07-18,Orange Juice,Beverages,3.52,3.46,3,10.56,10.38
2025-07-15,Ground Beef,Meat,3.0,1.8,9,27.0,16.2
2025-07-04,Cereal,Grocery,2.91,3.92,9,26.19,35.28
2025-07-14,Eggs,Dairy,1.68,3.1,2,3.36,6.2
2025-07-04,Milk,Dairy,2.39,3.17,4,9.56,12.68
2025-07-05,Eggs,Dairy,3.02,3.7,1,3.02,3.7
2025-07-24,Eggs,Dairy,2.52,2.85,17,42.84,48.45
2025-07-25,Apples,Produce,2.85,3.04,10,28.5,30.4
2025-07-20,Apples,Produce,3.06,2.8,10,30.6,28.0
2025-07-14,Chicken Breast,Meat,2.08,3.42,6,12.48,20.52
2025-07-14,Bananas,Produce,2.07,2.92,15,31.05,43.8
2025-07-14,Chicken Breast,Meat,2.28,2.04,9,20.52,18.36
2025-07-16,Chicken Breast,Meat,2.63,2.09,9,23.67,18.81
2025-07-23,Yogurt,Dairy,2.9,2.42,8,23.2,19.36
2025-07-26,Ground Beef,Meat,3.03,3.31,15,45.45,49.65
2025-07-11,Orange Juice,Beverages,2.11,2.59,5,10.55,12.95
2025-07-02,Apples,Produce,2.01,1.87,1,2.01,1.87
2025-07-15,Cereal,Grocery,2.21,3.14,16,35.36,50.24
2025-07-10,Milk,Dairy,2.88,2.8,19,54.72,53.2
2025-07-18,Yogurt,Dairy,1.59,2.97,14,22.26,41.58
2025-07-27,Cereal,Grocery,2.67,1.51,14,37.38,21.14
2025-07-22,Eggs,Dairy,2.99,2.55,17,50.83,43.35
2025-07-21,Milk,Dairy,2.58,3.46,7,18.06,24.22
2025-07-03,Ground Beef,Meat,2.11,2.17,5,10.55,10.85
2025-07-28,Bread,Bakery,3.05,3.38,2,6.1,6.76
2025-07-24,Orange Juice,Beverages,1.83,3.42,6,10.98,20.52
2025-07-26,Apples,Produce,1.69,1.78,11,18.59,19.58
2025-07-22,Bananas,Produce,2.23,3.52,11,24.53,38.72
2025-07-13,Eggs,Dairy,1.85,3.26,7,12.95,22.82
2025-07-09,Apples,Produce,2.49,2.59,4,9.96,10.36
2025-07-04,Bananas,Produce,2.16,2.46,3,6.48,7.38
2025-07-27,Yogurt,Dairy,3.37,2.39,1,3.37,2.39
2025-07-15,Bread,Bakery,3.24,3.05,18,58.32,54.9
2025-07-26,Bananas,Produce,2.57,3.1,20,51.4,62.0
2025-07-16,Milk,Dairy,3.18,2.86,1,3.18,2.86
2025-07-14,Milk,Dairy,1.96,2.5,10,19.6,25.0
2025-07-12,Yogurt,Dairy,1.43,3.32,20,28.6,66.4
2025-07-01,Orange Juice,Beverages,2.56,3.08,14,35.84,43.12
2025-07-22,Milk,Dairy,1.93,2.18,10,19.3,21.8
2025-07-29,Chicken Breast,Meat,2.05,2.54,17,34.85,43.18
2025-07-14,Milk,Dairy,2.39,2.49,19,45.41,47.31
2025-07-04,Milk,Dairy,2.26,3.62,9,20.34,32.58
2025-07-28,Eggs,Dairy,2.71,3.51,17,46.07,59.67
2025-07-15,Apples,Produce,2.25,1.76,9,20.25,15.84
2025-07-25,Chicken Breast,Meat,2.74,2.44,13,35.62,31.72
2025-07-10,Milk,Dairy,2.12,3.89,16,33.92,62.24
2025-07-30,Bananas,Produce,2.56,4.05,1,2.56,4.05
2025-07-14,Bread,Bakery,2.01,1.93,10,20.1,19.3
2025-07-16,Cereal,Grocery,3.06,4.1,2,6.12,8.2
2025-07-29,Chicken Breast,Meat,3.71,3.26,14,51.94,45.64
2025-07-20,Orange Juice,Beverages,2.25,2.6,19,42.75,49.4
2025-07-07,Ground Beef,Meat,3.1,2.53,8,24.8,20.24
2025-07-21,Bananas,Produce,2.48,3.13,1,2.48,3.13
2025-07-02,Chicken Breast,Meat,3.17,1.6,10,31.7,16.0
2025-07-02,Apples,Produce,3.24,2.69,18,58.32,48.42
2025-07-13,Eggs,Dairy,2.77,1.82,1,2.77,1.82
2025-07-10,Yogurt,Dairy,2.77,4.33,13,36.01,56.29
2025-07-11,Milk,Dairy,2.48,4.16,7,17.36,29.12
2025-07-18,Orange Juice,Beverages,2.72,2.52,7,19.04,17.64
2025-07-02,Bananas,Produce,2.65,2.75,3,7.95,8.25
2025-07-13,Apples,Produce,2.52,2.13,1,2.52,2.13
2025-07-19,Milk,Dairy,2.48,2.54,15,37.2,38.1
2025-07-30,Ground Beef,Meat,2.37,3.22,16,37.92,51.52
2025-07-16,Milk,Dairy,3.12,3.08,16,49.92,49.28
2025-07-17,Milk,Dairy,2.33,2.84,9,20.97,25.56
2025-07-15,Bread,Bakery,3.02,4.87,19,57.38,92.53
2025-07-11,Ground Beef,Meat,2.1,2.96,8,16.8,23.68
2025-07-16,Bread,Bakery,1.83,2.95,8,14.64,23.6
2025-07-21,Ground Beef,Meat,2.2,3.13,2,4.4,6.26
2025-07-10,Apples,Produce,2.65,3.0,20,53.0,60.0
2025-07-15,Cereal,Grocery,1.96,2.59,14,27.44,36.26
2025-07-21,Orange Juice,Beverages,2.19,2.89,4,8.76,11.56
2025-07-10,Apples,Produce,3.38,2.83,11,37.18,31.13
2025-07-09,Orange Juice,Beverages,2.41,3.39,2,4.82,6.78
2025-07-21,Yogurt,Dairy,2.4,4.27,2,4.8,8.54
2025-07-24,Chicken Breast,Meat,2.63,3.91,4,10.52,15.64
2025-07-29,Apples,Produce,2.73,3.87,5,13.65,19.35
2025-07-25,Cereal,Grocery,1.42,3.18,20,28.4,63.6
2025-07-12,Cereal,Grocery,2.7,2.48,12,32.4,29.76
2025-07-17,Milk,Dairy,2.14,3.32,9,19.26,29.88
2025-07-20,Eggs,Dairy,1.93,2.03,17,32.81,34.51
2025-07-09,Milk,Dairy,2.82,2.12,4,11.28,8.48
2025-07-14,Ground Beef,Meat,2.57,3.7,10,25.7,37.0
2025-07-03,Cereal,Grocery,2.13,1.98,11,23.43,21.78
2025-07-30,Apples,Produce,2.08,2.61,8,16.64,20.88
2025-07-13,Bananas,Produce,3.02,3.17,12,36.24,38.04
2025-07-15,Eggs,Dairy,2.97,3.52,16,47.52,56.32
