Follower,Followee
alex_garcia,jamie_williams
alex_garcia,jamie_miller
alex_garcia,sam_jones
alex_garcia,drew_davis
alex_garcia,jordan_brown
morgan_martinez,kyle_jones
morgan_martinez,taylor_garcia
morgan_martinez,jordan_martinez
kyle_lee,morgan_garcia
kyle_garcia,jordan_brown
jordan_smith,ryan_johnson
jordan_smith,taylor_miller
jordan_smith,taylor_williams
jordan_smith,morgan_lee
jordan_brown,ryan_lee
jordan_brown,jordan_smith
jordan_brown,kyle_martinez
jordan_brown,jamie_miller
jordan_brown,kyle_garcia
kyle_smith,jordan_brown
kyle_smith,alex_martinez
kyle_smith,drew_davis
kyle_smith,drew_smith
kyle_smith,taylor_williams
casey_miller,alex_garcia
kyle_jones,sam_brown
kyle_jones,morgan_lee
kyle_jones,jamie_martinez
kyle_jones,casey_jones
jordan_miller,kyle_jones
jordan_miller,casey_miller
jordan_miller,kyle_martinez
jordan_miller,jamie_williams
jordan_miller,taylor_martinez
jordan_miller,kyle_garcia
jordan_miller,kyle_smith
ryan_johnson,drew_davis
ryan_johnson,jordan_miller
ryan_johnson,taylor_miller
ryan_johnson,casey_miller
ryan_johnson,jamie_williams
taylor_williams,sam_garcia
taylor_williams,jordan_miller
casey_jones,morgan_martinez
casey_jones,morgan_lee
casey_jones,morgan_brown
casey_jones,alex_williams
morgan_brown,alex_brown
morgan_brown,jordan_johnson
morgan_brown,alex_martinez
morgan_brown,kyle_jones
morgan_lee,jordan_garcia
morgan_lee,jordan_smith
alex_williams,morgan_jones
alex_williams,drew_williams
drew_smith,jamie_miller
drew_smith,sam_brown
drew_smith,morgan_brown
drew_smith,alex_williams
drew_smith,alex_lee
drew_smith,kyle_martinez
drew_smith,jordan_brown
drew_smith,alex_garcia
kyle_miller,kyle_williams
kyle_miller,morgan_martinez
kyle_miller,alex_brown
kyle_miller,taylor_garcia
jamie_williams,jordan_johnson
jamie_williams,drew_davis
jamie_williams,jordan_jones
sam_brown,alex_martinez
sam_brown,jamie_davis
sam_brown,casey_davis
sam_brown,drew_smith
jordan_jones,kyle_garcia
jamie_miller,ryan_lee
jamie_miller,kyle_williams
casey_davis,kyle_martinez
casey_davis,jordan_johnson
casey_davis,alex_martinez
casey_davis,taylor_martinez
casey_davis,drew_davis
casey_davis,jordan_brown
casey_davis,morgan_garcia
alex_martinez,morgan_brown
alex_martinez,casey_davis
alex_martinez,taylor_miller
alex_martinez,casey_brown
alex_martinez,jordan_martinez
taylor_garcia,casey_jones
taylor_garcia,morgan_martinez
taylor_garcia,kyle_garcia
taylor_garcia,casey_garcia
taylor_garcia,drew_smith
sam_garcia,jordan_garcia
sam_garcia,kyle_jones
sam_garcia,drew_smith
sam_garcia,jamie_martinez
morgan_garcia,taylor_williams
morgan_garcia,casey_miller
morgan_garcia,jordan_johnson
morgan_garcia,morgan_jones
morgan_garcia,alex_brown
morgan_garcia,kyle_williams
morgan_garcia,morgan_brown
kyle_williams,ryan_lee
kyle_williams,sam_jones
kyle_williams,alex_williams
kyle_williams,jordan_brown
kyle_williams,jordan_johnson
kyle_williams,casey_garcia
jordan_garcia,jordan_davis
jordan_garcia,kyle_williams
jordan_garcia,jordan_miller
jordan_garcia,taylor_lee
jordan_garcia,kyle_lee
jordan_garcia,alex_martinez
kyle_brown,drew_smith
kyle_brown,morgan_brown
kyle_brown,alex_lee
kyle_brown,sam_jones
kyle_brown,jordan_smith
kyle_brown,taylor_williams
alex_brown,drew_smith
alex_brown,jordan_smith
alex_brown,kyle_brown
jordan_johnson,jamie_williams
jordan_johnson,drew_williams
jordan_johnson,kyle_smith
drew_williams,morgan_brown
drew_williams,ryan_johnson
drew_williams,casey_davis
drew_williams,kyle_lee
drew_williams,jordan_martinez
drew_williams,casey_garcia
casey_garcia,casey_miller
casey_garcia,morgan_jones
casey_garcia,alex_martinez
casey_garcia,drew_davis
ryan_lee,jordan_martinez
ryan_lee,jordan_johnson
ryan_lee,ryan_johnson
ryan_lee,casey_brown
morgan_miller,ryan_garcia
morgan_miller,kyle_miller
morgan_miller,morgan_lee
jamie_davis,kyle_smith
jamie_davis,jordan_miller
jamie_davis,morgan_garcia
jamie_davis,taylor_williams
jamie_davis,sam_garcia
jamie_davis,taylor_martinez
morgan_jones,sam_brown
morgan_jones,ryan_garcia
morgan_jones,kyle_miller
morgan_jones,jamie_martinez
morgan_jones,ryan_johnson
drew_davis,casey_miller
drew_davis,alex_martinez
kyle_martinez,drew_williams
kyle_martinez,kyle_jones
kyle_martinez,drew_davis
kyle_martinez,taylor_lee
kyle_martinez,casey_jones
taylor_lee,drew_davis
taylor_lee,alex_garcia
taylor_lee,sam_garcia
taylor_lee,jamie_williams
alex_lee,kyle_jones
alex_lee,jordan_davis
jordan_davis,jordan_garcia
jordan_davis,kyle_smith
casey_brown,jamie_miller
casey_brown,morgan_jones
casey_brown,alex_brown
casey_brown,kyle_miller
casey_brown,jordan_brown
jordan_martinez,drew_williams
jordan_martinez,sam_jones
jordan_martinez,jordan_brown
jordan_martinez,alex_martinez
taylor_miller,sam_garcia
taylor_miller,alex_garcia
taylor_miller,casey_davis
jamie_martinez,taylor_lee
jamie_martinez,morgan_miller
jamie_martinez,morgan_garcia
jamie_martinez,casey_brown
jamie_martinez,jamie_miller
jamie_martinez,casey_garcia
ryan_garcia,sam_garcia
ryan_garcia,alex_martinez
ryan_garcia,taylor_williams
sam_jones,alex_lee
sam_jones,jamie_miller
sam_jones,ryan_lee
taylor_martinez,alex_brown
taylor_martinez,drew_smith
taylor_martinez,morgan_brown
taylor_martinez,jordan_martinez
